time,data
2025/02/13 18:56:39.745847352,True
2025/02/13 18:56:39.794737332,True
2025/02/13 18:56:39.844949921,True
2025/02/13 18:56:39.893860915,True
2025/02/13 18:56:39.942327742,True
2025/02/13 18:56:39.997785766,True
2025/02/13 18:56:40.45145121,True
2025/02/13 18:56:40.96201424,True
2025/02/13 18:56:40.142196538,True
2025/02/13 18:56:40.192752426,True
2025/02/13 18:56:40.247229320,True
2025/02/13 18:56:40.294581440,True
2025/02/13 18:56:40.350734388,True
2025/02/13 18:56:40.396662231,True
2025/02/13 18:56:40.446203294,True
2025/02/13 18:56:40.493246195,True
2025/02/13 18:56:40.551721969,True
2025/02/13 18:56:40.593776027,True
2025/02/13 18:56:40.644026560,True
2025/02/13 18:56:40.692658746,True
2025/02/13 18:56:40.745449912,True
2025/02/13 18:56:40.792399238,True
2025/02/13 18:56:40.845378970,True
2025/02/13 18:56:40.895262580,True
2025/02/13 18:56:40.942803013,True
2025/02/13 18:56:40.992609110,True
2025/02/13 18:56:41.44423455,True
2025/02/13 18:56:41.92419486,True
2025/02/13 18:56:41.145158803,True
2025/02/13 18:56:41.192347103,True
2025/02/13 18:56:41.243870924,True
2025/02/13 18:56:41.292773084,True
2025/02/13 18:56:41.343497254,True
2025/02/13 18:56:41.392496060,True
2025/02/13 18:56:41.443546785,True
2025/02/13 18:56:41.492758163,True
2025/02/13 18:56:41.545627790,True
2025/02/13 18:56:41.592251044,True
2025/02/13 18:56:41.646095403,True
2025/02/13 18:56:41.693675295,True
2025/02/13 18:56:41.743918873,True
2025/02/13 18:56:41.797369973,True
2025/02/13 18:56:41.850933329,True
2025/02/13 18:56:41.896069549,True
2025/02/13 18:56:41.948717384,True
2025/02/13 18:56:41.999196781,True
2025/02/13 18:56:42.53569610,True
2025/02/13 18:56:42.99806860,True
2025/02/13 18:56:42.150548639,True
2025/02/13 18:56:42.201389900,True
2025/02/13 18:56:42.253010971,True
2025/02/13 18:56:42.302971711,True
2025/02/13 18:56:42.368851012,True
2025/02/13 18:56:42.529557654,True
2025/02/13 18:56:42.529718524,True
2025/02/13 18:56:42.529881039,True
2025/02/13 18:56:42.555747184,True
2025/02/13 18:56:42.604974944,True
2025/02/13 18:56:42.657553177,True
2025/02/13 18:56:42.705689999,True
2025/02/13 18:56:42.742412502,True
2025/02/13 18:56:42.793415924,True
2025/02/13 18:56:42.842857007,True
2025/02/13 18:56:42.893491933,True
2025/02/13 18:56:42.942399776,True
2025/02/13 18:56:42.996654320,True
2025/02/13 18:56:43.42926435,True
2025/02/13 18:56:43.94236797,True
2025/02/13 18:56:43.142484905,True
2025/02/13 18:56:43.193481630,True
2025/02/13 18:56:43.242888624,True
2025/02/13 18:56:43.303578102,True
2025/02/13 18:56:43.342747268,True
2025/02/13 18:56:43.393642108,True
2025/02/13 18:56:43.442318333,True
2025/02/13 18:56:43.494220508,True
2025/02/13 18:56:43.542701290,True
2025/02/13 18:56:43.594169094,True
2025/02/13 18:56:43.642966604,True
2025/02/13 18:56:43.694795294,True
2025/02/13 18:56:43.744509502,True
2025/02/13 18:56:43.793710639,True
2025/02/13 18:56:43.849098494,True
2025/02/13 18:56:43.895389059,True
2025/02/13 18:56:43.942510432,True
2025/02/13 18:56:43.993875444,True
2025/02/13 18:56:44.44209047,True
2025/02/13 18:56:44.93642714,True
2025/02/13 18:56:44.144416422,True
2025/02/13 18:56:44.195948065,True
2025/02/13 18:56:44.244080602,True
2025/02/13 18:56:44.296145285,True
2025/02/13 18:56:44.344266622,True
2025/02/13 18:56:44.397323263,True
2025/02/13 18:56:44.446087193,True
2025/02/13 18:56:44.500637265,True
2025/02/13 18:56:44.547898173,True
2025/02/13 18:56:44.605200956,True
2025/02/13 18:56:44.656287547,True
2025/02/13 18:56:44.703409655,True
2025/02/13 18:56:44.758151692,True
2025/02/13 18:56:44.807865959,True
2025/02/13 18:56:44.855522990,True
2025/02/13 18:56:44.892890276,True
2025/02/13 18:56:44.943582302,True
2025/02/13 18:56:44.992092144,True
2025/02/13 18:56:45.43771425,True
2025/02/13 18:56:45.93145423,True
2025/02/13 18:56:45.143312866,True
2025/02/13 18:56:45.194848622,True
2025/02/13 18:56:45.246170547,True
2025/02/13 18:56:45.292936019,True
2025/02/13 18:56:45.343767233,True
2025/02/13 18:56:45.394554791,True
2025/02/13 18:56:45.443443548,True
2025/02/13 18:56:45.493159315,True
2025/02/13 18:56:45.543042744,True
2025/02/13 18:56:45.592267915,True
2025/02/13 18:56:45.650538879,True
2025/02/13 18:56:45.692460757,True
2025/02/13 18:56:45.745709147,True
2025/02/13 18:56:45.792425606,True
2025/02/13 18:56:45.845485113,True
2025/02/13 18:56:45.894667820,True
2025/02/13 18:56:46.29719815,True
2025/02/13 18:56:46.30039650,True
2025/02/13 18:56:46.43857099,True
2025/02/13 18:56:46.93241746,True
2025/02/13 18:56:46.144392764,True
2025/02/13 18:56:46.201803498,True
2025/02/13 18:56:46.243293418,True
2025/02/13 18:56:46.341873917,True
2025/02/13 18:56:46.368657288,True
2025/02/13 18:56:46.397167985,True
2025/02/13 18:56:46.448555313,True
2025/02/13 18:56:46.492430979,True
2025/02/13 18:56:46.548156367,True
2025/02/13 18:56:46.594378749,True
2025/02/13 18:56:46.649256648,True
2025/02/13 18:56:46.697385741,True
2025/02/13 18:56:46.757502981,True
2025/02/13 18:56:46.802023428,True
2025/02/13 18:56:46.857928322,True
2025/02/13 18:56:46.901812904,True
2025/02/13 18:56:46.967676896,True
2025/02/13 18:56:47.80583599,True
2025/02/13 18:56:47.144604107,True
2025/02/13 18:56:47.159133076,True
2025/02/13 18:56:47.164485177,True
2025/02/13 18:56:47.195165004,True
2025/02/13 18:56:47.267128405,True
2025/02/13 18:56:47.331698761,True
2025/02/13 18:56:47.343932010,True
2025/02/13 18:56:47.393563506,True
2025/02/13 18:56:47.445038626,True
2025/02/13 18:56:47.495587031,True
2025/02/13 18:56:47.542472367,True
2025/02/13 18:56:47.593979747,True
2025/02/13 18:56:47.646906878,True
2025/02/13 18:56:47.696094947,True
2025/02/13 18:56:47.742788915,True
2025/02/13 18:56:47.793566505,True
2025/02/13 18:56:47.844640386,True
2025/02/13 18:56:47.894488837,True
2025/02/13 18:56:47.943185840,True
2025/02/13 18:56:48.13884352,True
2025/02/13 18:56:48.42703453,True
2025/02/13 18:56:48.97837962,True
2025/02/13 18:56:48.143458112,True
2025/02/13 18:56:48.194267631,True
2025/02/13 18:56:48.246422758,True
2025/02/13 18:56:48.293368472,True
2025/02/13 18:56:48.348021270,True
2025/02/13 18:56:48.393791720,True
2025/02/13 18:56:48.448450598,True
2025/02/13 18:56:48.494367138,True
2025/02/13 18:56:48.542465495,True
2025/02/13 18:56:48.595103006,True
2025/02/13 18:56:48.646718431,True
2025/02/13 18:56:48.693319472,True
2025/02/13 18:56:48.744313698,True
2025/02/13 18:56:48.798411220,True
2025/02/13 18:56:48.846266112,True
2025/02/13 18:56:48.898850826,True
2025/02/13 18:56:48.948502207,True
2025/02/13 18:56:49.3813463,True
2025/02/13 18:56:49.51489823,True
2025/02/13 18:56:49.101602555,True
2025/02/13 18:56:49.154213646,True
2025/02/13 18:56:49.208154070,True
2025/02/13 18:56:49.254967030,True
2025/02/13 18:56:49.305179973,True
2025/02/13 18:56:49.355528054,True
2025/02/13 18:56:49.407491423,True
2025/02/13 18:56:49.457759109,True
2025/02/13 18:56:49.503659108,True
2025/02/13 18:56:49.560530226,True
2025/02/13 18:56:49.604533892,True
2025/02/13 18:56:49.655295672,True
2025/02/13 18:56:49.706273467,True
2025/02/13 18:56:49.756400816,True
2025/02/13 18:56:49.805567838,True
2025/02/13 18:56:49.856536345,True
2025/02/13 18:56:49.906318672,True
2025/02/13 18:56:49.958785129,True
2025/02/13 18:56:50.5663992,True
2025/02/13 18:56:50.43435695,True
2025/02/13 18:56:50.92080859,True
2025/02/13 18:56:50.144700103,True
2025/02/13 18:56:50.195035499,True
2025/02/13 18:56:50.261292133,True
2025/02/13 18:56:50.292934920,True
2025/02/13 18:56:50.344248567,True
2025/02/13 18:56:50.394727023,True
2025/02/13 18:56:50.444465755,True
2025/02/13 18:56:50.495872456,True
2025/02/13 18:56:50.562539569,True
2025/02/13 18:56:50.626406247,True
2025/02/13 18:56:50.706939935,True
2025/02/13 18:56:50.711816559,True
2025/02/13 18:56:50.745298962,True
2025/02/13 18:56:50.793645982,True
2025/02/13 18:56:50.844113732,True
2025/02/13 18:56:50.892355238,True
2025/02/13 18:56:50.945576166,True
2025/02/13 18:56:50.999760886,True
2025/02/13 18:56:51.52151732,True
2025/02/13 18:56:51.105406333,True
2025/02/13 18:56:51.142998821,True
2025/02/13 18:56:51.193966176,True
2025/02/13 18:56:51.250222777,True
2025/02/13 18:56:51.295729233,True
2025/02/13 18:56:51.342670076,True
2025/02/13 18:56:51.394086669,True
2025/02/13 18:56:51.448423383,True
2025/02/13 18:56:51.492375620,True
2025/02/13 18:56:51.542405267,True
2025/02/13 18:56:51.592890946,True
2025/02/13 18:56:51.643346095,True
2025/02/13 18:56:51.694748408,True
2025/02/13 18:56:51.742736758,True
2025/02/13 18:56:51.795423617,True
2025/02/13 18:56:51.845506440,True
2025/02/13 18:56:51.893802511,True
2025/02/13 18:56:51.942482876,True
2025/02/13 18:56:51.995984733,True
2025/02/13 18:56:52.44819589,True
2025/02/13 18:56:52.97599639,True
2025/02/13 18:56:52.145715057,True
2025/02/13 18:56:52.198004455,True
2025/02/13 18:56:52.247498852,True
2025/02/13 18:56:52.299908652,True
2025/02/13 18:56:52.348285874,True
2025/02/13 18:56:52.403226607,True
2025/02/13 18:56:52.451185067,True
2025/02/13 18:56:52.508089416,True
2025/02/13 18:56:52.553168217,True
2025/02/13 18:56:52.603583655,True
2025/02/13 18:56:52.653246424,True
2025/02/13 18:56:52.706576927,True
2025/02/13 18:56:52.742620097,True
2025/02/13 18:56:52.794473504,True
2025/02/13 18:56:52.842794345,True
2025/02/13 18:56:52.895082030,True
2025/02/13 18:56:52.943636282,True
2025/02/13 18:56:52.991984861,True
2025/02/13 18:56:53.47370455,True
2025/02/13 18:56:53.96729108,True
2025/02/13 18:56:53.149215916,True
2025/02/13 18:56:53.197562955,True
2025/02/13 18:56:53.249363085,True
2025/02/13 18:56:53.304660310,True
2025/02/13 18:56:53.347289692,True
2025/02/13 18:56:53.392674799,True
2025/02/13 18:56:53.444274883,True
2025/02/13 18:56:53.493017157,True
2025/02/13 18:56:53.546389170,True
2025/02/13 18:56:53.592826420,True
2025/02/13 18:56:53.643499311,True
2025/02/13 18:56:53.692875597,True
2025/02/13 18:56:53.750157537,True
2025/02/13 18:56:53.793097837,True
2025/02/13 18:56:53.844028151,True
2025/02/13 18:56:53.894031453,True
2025/02/13 18:56:53.945801833,True
2025/02/13 18:56:53.993723355,True
2025/02/13 18:56:54.44121664,True
2025/02/13 18:56:54.93428112,True
2025/02/13 18:56:54.145339232,True
2025/02/13 18:56:54.195505017,True
2025/02/13 18:56:54.249631872,True
2025/02/13 18:56:54.294267338,True
2025/02/13 18:56:54.343933072,True
2025/02/13 18:56:54.394098395,True
2025/02/13 18:56:54.446272783,True
2025/02/13 18:56:54.495737617,True
2025/02/13 18:56:54.543851336,True
2025/02/13 18:56:54.596175399,True
2025/02/13 18:56:54.643746371,True
2025/02/13 18:56:54.696159298,True
2025/02/13 18:56:54.748458807,True
2025/02/13 18:56:54.795970729,True
2025/02/13 18:56:54.846156277,True
2025/02/13 18:56:54.898030265,True
2025/02/13 18:56:54.948085020,True
2025/02/13 18:56:54.998844293,True
2025/02/13 18:56:55.51583417,True
2025/02/13 18:56:55.100464548,True
2025/02/13 18:56:55.153009145,True
2025/02/13 18:56:55.280657764,True
2025/02/13 18:56:55.280736256,True
2025/02/13 18:56:55.303735737,True
2025/02/13 18:56:55.358117326,True
2025/02/13 18:56:55.407618012,True
2025/02/13 18:56:55.461928658,True
2025/02/13 18:56:55.509954258,True
2025/02/13 18:56:55.542567892,True
2025/02/13 18:56:55.593395598,True
2025/02/13 18:56:55.646072598,True
2025/02/13 18:56:55.693613038,True
2025/02/13 18:56:55.742721077,True
2025/02/13 18:56:55.794054544,True
2025/02/13 18:56:55.842462391,True
2025/02/13 18:56:55.894018274,True
2025/02/13 18:56:55.943452529,True
2025/02/13 18:56:55.993776853,True
2025/02/13 18:56:56.44805654,True
2025/02/13 18:56:56.93992274,True
2025/02/13 18:56:56.142702361,True
2025/02/13 18:56:56.193948306,True
2025/02/13 18:56:56.242898471,True
2025/02/13 18:56:56.296411612,True
2025/02/13 18:56:56.344955922,True
2025/02/13 18:56:56.393808958,True
2025/02/13 18:56:56.442583343,True
2025/02/13 18:56:56.495140464,True
2025/02/13 18:56:56.544812233,True
2025/02/13 18:56:56.597205244,True
2025/02/13 18:56:56.648840619,True
2025/02/13 18:56:56.695282214,True
2025/02/13 18:56:56.742842846,True
2025/02/13 18:56:56.797407260,True
2025/02/13 18:56:56.850017783,True
2025/02/13 18:56:56.894197531,True
2025/02/13 18:56:56.952815807,True
2025/02/13 18:56:56.995215496,True
2025/02/13 18:56:57.43530997,True
2025/02/13 18:56:57.98737621,True
2025/02/13 18:56:57.143938331,True
2025/02/13 18:56:57.205946862,True
2025/02/13 18:56:57.247311626,True
2025/02/13 18:56:57.293845478,True
2025/02/13 18:56:57.346830667,True
2025/02/13 18:56:57.397516853,True
2025/02/13 18:56:57.445308298,True
2025/02/13 18:56:57.500129904,True
2025/02/13 18:56:57.545697412,True
2025/02/13 18:56:57.610805977,True
2025/02/13 18:56:57.643488983,True
2025/02/13 18:56:57.804195964,True
2025/02/13 18:56:57.804409585,True
2025/02/13 18:56:57.804612223,True
2025/02/13 18:56:57.844921793,True
2025/02/13 18:56:57.895495792,True
2025/02/13 18:56:57.945574173,True
2025/02/13 18:56:57.997002434,True
2025/02/13 18:56:58.49093735,True
2025/02/13 18:56:58.97605966,True
2025/02/13 18:56:58.151785828,True
2025/02/13 18:56:58.197499564,True
2025/02/13 18:56:58.251439722,True
2025/02/13 18:56:58.297872362,True
2025/02/13 18:56:58.348456138,True
2025/02/13 18:56:58.399086528,True
2025/02/13 18:56:58.451288506,True
2025/02/13 18:56:58.498639422,True
2025/02/13 18:56:58.551160507,True
2025/02/13 18:56:58.599477770,True
2025/02/13 18:56:58.651641702,True
2025/02/13 18:56:58.701842208,True
2025/02/13 18:56:58.754812631,True
2025/02/13 18:56:58.801322477,True
2025/02/13 18:56:58.854617959,True
2025/02/13 18:56:58.905817783,True
2025/02/13 18:56:58.960989409,True
2025/02/13 18:56:59.8235760,True
2025/02/13 18:56:59.56706083,True
2025/02/13 18:56:59.105634161,True
2025/02/13 18:56:59.157068368,True
2025/02/13 18:56:59.191328785,True
2025/02/13 18:56:59.245470905,True
2025/02/13 18:56:59.292069805,True
2025/02/13 18:56:59.348999551,True
2025/02/13 18:56:59.408340590,True
2025/02/13 18:56:59.448687167,True
2025/02/13 18:56:59.494154608,True
2025/02/13 18:56:59.548587667,True
2025/02/13 18:56:59.595631579,True
2025/02/13 18:56:59.650512879,True
2025/02/13 18:56:59.693448552,True
2025/02/13 18:56:59.742777147,True
2025/02/13 18:56:59.793869286,True
2025/02/13 18:56:59.843042310,True
2025/02/13 18:56:59.893935683,True
2025/02/13 18:56:59.945068588,True
2025/02/13 18:56:59.993550136,True
2025/02/13 18:57:00.42552095,True
2025/02/13 18:57:00.93506535,True
2025/02/13 18:57:00.142583040,True
2025/02/13 18:57:00.194008624,True
2025/02/13 18:57:00.242813710,True
2025/02/13 18:57:00.293941827,True
2025/02/13 18:57:00.342461544,True
2025/02/13 18:57:00.395426611,True
2025/02/13 18:57:00.443999099,True
2025/02/13 18:57:00.494214372,True
2025/02/13 18:57:00.550153544,True
2025/02/13 18:57:00.593004499,True
2025/02/13 18:57:00.642906631,True
2025/02/13 18:57:00.693767112,True
2025/02/13 18:57:00.743350042,True
2025/02/13 18:57:00.802662577,True
2025/02/13 18:57:00.848121588,True
2025/02/13 18:57:00.897234624,True
2025/02/13 18:57:00.948399040,True
2025/02/13 18:57:01.674700,True
2025/02/13 18:57:01.52944471,True
2025/02/13 18:57:01.105242147,True
2025/02/13 18:57:01.154341123,True
2025/02/13 18:57:01.204879618,True
2025/02/13 18:57:01.253526998,True
2025/02/13 18:57:01.308994522,True
2025/02/13 18:57:01.357031859,True
2025/02/13 18:57:01.405682178,True
2025/02/13 18:57:01.454047938,True
2025/02/13 18:57:01.517950198,True
2025/02/13 18:57:01.555480849,True
2025/02/13 18:57:01.605565862,True
2025/02/13 18:57:01.659356773,True
2025/02/13 18:57:01.699174750,True
2025/02/13 18:57:01.750589209,True
2025/02/13 18:57:01.798654076,True
2025/02/13 18:57:01.853558339,True
2025/02/13 18:57:01.918455162,True
2025/02/13 18:57:01.965626533,True
2025/02/13 18:57:02.45756567,True
2025/02/13 18:57:02.45949272,True
2025/02/13 18:57:02.92683544,True
2025/02/13 18:57:02.143587033,True
2025/02/13 18:57:02.195113585,True
2025/02/13 18:57:02.246482869,True
2025/02/13 18:57:02.345787458,True
2025/02/13 18:57:02.346423813,True
2025/02/13 18:57:02.392704832,True
2025/02/13 18:57:02.446959578,True
2025/02/13 18:57:02.493120922,True
2025/02/13 18:57:02.543957686,True
2025/02/13 18:57:02.592682113,True
2025/02/13 18:57:02.649168840,True
2025/02/13 18:57:02.693444941,True
2025/02/13 18:57:02.743926993,True
2025/02/13 18:57:02.792693085,True
2025/02/13 18:57:02.843474612,True
2025/02/13 18:57:02.916829612,True
2025/02/13 18:57:02.975107409,True
2025/02/13 18:57:02.993240558,True
2025/02/13 18:57:03.44045401,True
2025/02/13 18:57:03.92694309,True
2025/02/13 18:57:03.144866911,True
2025/02/13 18:57:03.193464536,True
2025/02/13 18:57:03.252613854,True
2025/02/13 18:57:03.294876255,True
2025/02/13 18:57:03.347604258,True
2025/02/13 18:57:03.396755552,True
2025/02/13 18:57:03.451704944,True
2025/02/13 18:57:03.502821837,True
2025/02/13 18:57:03.551524966,True
2025/02/13 18:57:03.596682082,True
2025/02/13 18:57:03.649590282,True
2025/02/13 18:57:03.698286127,True
2025/02/13 18:57:03.752081395,True
2025/02/13 18:57:03.800781903,True
2025/02/13 18:57:03.856012866,True
2025/02/13 18:57:03.904421223,True
2025/02/13 18:57:03.974153647,True
2025/02/13 18:57:04.4838719,True
2025/02/13 18:57:04.57100850,True
2025/02/13 18:57:04.108960883,True
2025/02/13 18:57:04.156757122,True
2025/02/13 18:57:04.195939865,True
2025/02/13 18:57:04.282872367,True
2025/02/13 18:57:04.293249372,True
2025/02/13 18:57:04.342683328,True
2025/02/13 18:57:04.393494585,True
2025/02/13 18:57:04.444862924,True
2025/02/13 18:57:04.548637881,True
2025/02/13 18:57:04.549475601,True
2025/02/13 18:57:04.598847489,True
2025/02/13 18:57:04.642965172,True
2025/02/13 18:57:04.698168805,True
2025/02/13 18:57:04.743037616,True
2025/02/13 18:57:04.794765476,True
2025/02/13 18:57:04.842748211,True
2025/02/13 18:57:04.895720449,True
2025/02/13 18:57:05.140144608,True
2025/02/13 18:57:05.140578363,True
2025/02/13 18:57:05.140709313,True
2025/02/13 18:57:05.140936467,True
2025/02/13 18:57:05.143803496,True
2025/02/13 18:57:05.193958454,True
2025/02/13 18:57:05.245879330,True
2025/02/13 18:57:05.293947258,True
2025/02/13 18:57:05.343192785,True
2025/02/13 18:57:05.393739864,True
2025/02/13 18:57:05.442350254,True
2025/02/13 18:57:05.494642607,True
2025/02/13 18:57:05.545162586,True
2025/02/13 18:57:05.594474780,True
2025/02/13 18:57:05.642699092,True
2025/02/13 18:57:05.697290796,True
2025/02/13 18:57:05.743083357,True
2025/02/13 18:57:05.794649769,True
2025/02/13 18:57:05.846942959,True
2025/02/13 18:57:05.899835990,True
2025/02/13 18:57:05.945567102,True
2025/02/13 18:57:05.996960897,True
2025/02/13 18:57:06.46453017,True
2025/02/13 18:57:06.93521343,True
2025/02/13 18:57:06.144106249,True
2025/02/13 18:57:06.193256386,True
2025/02/13 18:57:06.252722669,True
2025/02/13 18:57:06.293711018,True
2025/02/13 18:57:06.343214210,True
2025/02/13 18:57:06.392656719,True
2025/02/13 18:57:06.443754257,True
2025/02/13 18:57:06.492753333,True
2025/02/13 18:57:06.543602479,True
2025/02/13 18:57:06.593180271,True
2025/02/13 18:57:06.644235843,True
2025/02/13 18:57:06.692037650,True
2025/02/13 18:57:06.744394390,True
2025/02/13 18:57:06.793602710,True
2025/02/13 18:57:06.849916802,True
2025/02/13 18:57:06.899296885,True
2025/02/13 18:57:06.953519463,True
2025/02/13 18:57:06.996721279,True
2025/02/13 18:57:07.48142632,True
2025/02/13 18:57:07.97655076,True
2025/02/13 18:57:07.150866293,True
2025/02/13 18:57:07.199129250,True
2025/02/13 18:57:07.249552207,True
2025/02/13 18:57:07.308988529,True
2025/02/13 18:57:07.351620748,True
2025/02/13 18:57:07.402264253,True
2025/02/13 18:57:07.452371974,True
2025/02/13 18:57:07.501434095,True
2025/02/13 18:57:07.558188739,True
2025/02/13 18:57:07.782612959,True
2025/02/13 18:57:07.782793720,True
2025/02/13 18:57:07.782984743,True
2025/02/13 18:57:07.787569172,True
2025/02/13 18:57:07.792075897,True
2025/02/13 18:57:07.944718209,True
2025/02/13 18:57:07.944874026,True
2025/02/13 18:57:07.948118292,True
2025/02/13 18:57:07.997930935,True
2025/02/13 18:57:08.47873734,True
2025/02/13 18:57:08.96341513,True
2025/02/13 18:57:08.147415097,True
2025/02/13 18:57:08.196769306,True
2025/02/13 18:57:08.243779831,True
2025/02/13 18:57:08.293912987,True
2025/02/13 18:57:08.342777396,True
2025/02/13 18:57:08.393650457,True
2025/02/13 18:57:08.443233741,True
2025/02/13 18:57:08.495885750,True
2025/02/13 18:57:08.543706837,True
2025/02/13 18:57:08.594427827,True
2025/02/13 18:57:08.642587956,True
2025/02/13 18:57:08.693390640,True
2025/02/13 18:57:08.749740812,True
2025/02/13 18:57:08.796394972,True
2025/02/13 18:57:08.846446214,True
2025/02/13 18:57:08.894433472,True
2025/02/13 18:57:08.946157314,True
2025/02/13 18:57:08.993996820,True
2025/02/13 18:57:09.42498714,True
2025/02/13 18:57:09.93522444,True
2025/02/13 18:57:09.143197591,True
2025/02/13 18:57:09.193281133,True
2025/02/13 18:57:09.242687286,True
2025/02/13 18:57:09.294491164,True
2025/02/13 18:57:09.343566592,True
2025/02/13 18:57:09.395988453,True
2025/02/13 18:57:09.443544127,True
2025/02/13 18:57:09.495241012,True
2025/02/13 18:57:09.544175322,True
2025/02/13 18:57:09.597874388,True
2025/02/13 18:57:09.646574639,True
2025/02/13 18:57:09.699280294,True
2025/02/13 18:57:09.748015644,True
2025/02/13 18:57:09.801423327,True
2025/02/13 18:57:09.850287335,True
2025/02/13 18:57:09.903768703,True
2025/02/13 18:57:09.952713655,True
2025/02/13 18:57:10.3557328,True
2025/02/13 18:57:10.54615011,True
2025/02/13 18:57:10.104021924,True
2025/02/13 18:57:10.153275317,True
2025/02/13 18:57:10.205347607,True
2025/02/13 18:57:10.258535897,True
2025/02/13 18:57:10.319092794,True
2025/02/13 18:57:10.355841531,True
2025/02/13 18:57:10.407879252,True
2025/02/13 18:57:10.455426499,True
2025/02/13 18:57:10.505420293,True
2025/02/13 18:57:10.543552898,True
2025/02/13 18:57:10.592554271,True
2025/02/13 18:57:10.647132696,True
2025/02/13 18:57:10.693379264,True
2025/02/13 18:57:10.743612192,True
2025/02/13 18:57:10.793651168,True
2025/02/13 18:57:10.844064955,True
2025/02/13 18:57:10.894028668,True
2025/02/13 18:57:10.944113931,True
2025/02/13 18:57:10.993329449,True
2025/02/13 18:57:11.46461011,True
2025/02/13 18:57:11.92779586,True
2025/02/13 18:57:11.144179312,True
2025/02/13 18:57:11.193205134,True
2025/02/13 18:57:11.243352719,True
2025/02/13 18:57:11.292913465,True
2025/02/13 18:57:11.346479331,True
2025/02/13 18:57:11.393028526,True
2025/02/13 18:57:11.444893868,True
2025/02/13 18:57:11.492868728,True
2025/02/13 18:57:11.548278338,True
2025/02/13 18:57:11.592046706,True
2025/02/13 18:57:11.645590873,True
2025/02/13 18:57:11.695247654,True
2025/02/13 18:57:11.743701691,True
2025/02/13 18:57:11.796594091,True
2025/02/13 18:57:11.846628710,True
2025/02/13 18:57:11.894959757,True
2025/02/13 18:57:11.946302225,True
2025/02/13 18:57:11.995007322,True
2025/02/13 18:57:12.47185983,True
2025/02/13 18:57:12.93696499,True
2025/02/13 18:57:12.146901896,True
2025/02/13 18:57:12.200097889,True
2025/02/13 18:57:12.248365729,True
2025/02/13 18:57:12.294022104,True
2025/02/13 18:57:12.348510174,True
2025/02/13 18:57:12.396425074,True
2025/02/13 18:57:12.448502142,True
2025/02/13 18:57:12.498292800,True
2025/02/13 18:57:12.550370730,True
2025/02/13 18:57:12.604456569,True
2025/02/13 18:57:12.646784196,True
2025/02/13 18:57:12.706051535,True
2025/02/13 18:57:12.749667245,True
2025/02/13 18:57:12.805154523,True
2025/02/13 18:57:12.852173438,True
2025/02/13 18:57:12.907531820,True
2025/02/13 18:57:12.953145275,True
2025/02/13 18:57:13.9961406,True
2025/02/13 18:57:13.56608346,True
2025/02/13 18:57:13.105129357,True
2025/02/13 18:57:13.155605895,True
2025/02/13 18:57:13.193724942,True
2025/02/13 18:57:13.243108776,True
2025/02/13 18:57:13.295889687,True
2025/02/13 18:57:13.343387983,True
2025/02/13 18:57:13.393934461,True
2025/02/13 18:57:13.445030291,True
2025/02/13 18:57:13.496049395,True
2025/02/13 18:57:13.542698974,True
2025/02/13 18:57:13.600244479,True
2025/02/13 18:57:13.643682750,True
2025/02/13 18:57:13.697862738,True
2025/02/13 18:57:13.745263303,True
2025/02/13 18:57:13.793664875,True
2025/02/13 18:57:13.843222053,True
2025/02/13 18:57:13.899035919,True
2025/02/13 18:57:13.943095399,True
2025/02/13 18:57:13.995353218,True
2025/02/13 18:57:14.42938415,True
2025/02/13 18:57:14.96902073,True
2025/02/13 18:57:14.144143934,True
2025/02/13 18:57:14.195469722,True
2025/02/13 18:57:14.242931409,True
2025/02/13 18:57:14.295190464,True
2025/02/13 18:57:14.342005120,True
2025/02/13 18:57:14.396530905,True
2025/02/13 18:57:14.445016406,True
2025/02/13 18:57:14.504477192,True
2025/02/13 18:57:14.544671890,True
2025/02/13 18:57:14.597973366,True
2025/02/13 18:57:14.644126823,True
2025/02/13 18:57:14.693371090,True
2025/02/13 18:57:14.750473677,True
2025/02/13 18:57:14.795434406,True
2025/02/13 18:57:14.845374053,True
2025/02/13 18:57:14.927351369,True
2025/02/13 18:57:14.943657944,True
2025/02/13 18:57:14.993164730,True
2025/02/13 18:57:15.44753875,True
2025/02/13 18:57:15.92827670,True
2025/02/13 18:57:15.144180108,True
2025/02/13 18:57:15.197313294,True
2025/02/13 18:57:15.249868567,True
2025/02/13 18:57:15.295568252,True
2025/02/13 18:57:15.343944382,True
2025/02/13 18:57:15.392977958,True
2025/02/13 18:57:15.444363334,True
2025/02/13 18:57:15.493829677,True
2025/02/13 18:57:15.546480537,True
2025/02/13 18:57:15.595247499,True
2025/02/13 18:57:15.647572803,True
2025/02/13 18:57:15.699425747,True
2025/02/13 18:57:15.750875841,True
2025/02/13 18:57:15.803055197,True
2025/02/13 18:57:15.854457909,True
2025/02/13 18:57:15.904029184,True
2025/02/13 18:57:15.954357420,True
2025/02/13 18:57:16.4822877,True
2025/02/13 18:57:16.56591052,True
2025/02/13 18:57:16.106302184,True
2025/02/13 18:57:16.143376396,True
2025/02/13 18:57:16.198829853,True
2025/02/13 18:57:16.244906059,True
2025/02/13 18:57:16.297086650,True
2025/02/13 18:57:16.345522746,True
2025/02/13 18:57:16.394897313,True
2025/02/13 18:57:16.444875433,True
2025/02/13 18:57:16.497123246,True
2025/02/13 18:57:16.546717853,True
2025/02/13 18:57:16.598888840,True
2025/02/13 18:57:16.671025882,True
2025/02/13 18:57:16.696399864,True
2025/02/13 18:57:16.742850888,True
2025/02/13 18:57:16.794300157,True
2025/02/13 18:57:16.845350930,True
2025/02/13 18:57:16.894255872,True
2025/02/13 18:57:16.944251931,True
2025/02/13 18:57:17.38584195,True
2025/02/13 18:57:17.44131232,True
2025/02/13 18:57:17.94163253,True
2025/02/13 18:57:17.150702213,True
2025/02/13 18:57:17.194157407,True
2025/02/13 18:57:17.243349938,True
2025/02/13 18:57:17.294046403,True
2025/02/13 18:57:17.342969595,True
2025/02/13 18:57:17.399203791,True
2025/02/13 18:57:17.443574092,True
2025/02/13 18:57:17.493835337,True
2025/02/13 18:57:17.543988286,True
2025/02/13 18:57:17.594070799,True
2025/02/13 18:57:17.643467219,True
2025/02/13 18:57:17.693274826,True
2025/02/13 18:57:17.742878534,True
2025/02/13 18:57:17.795200243,True
2025/02/13 18:57:17.843061593,True
2025/02/13 18:57:17.896298243,True
2025/02/13 18:57:17.945378329,True
2025/02/13 18:57:17.998752482,True
2025/02/13 18:57:18.42653283,True
2025/02/13 18:57:18.97222153,True
2025/02/13 18:57:18.144021259,True
2025/02/13 18:57:18.193714387,True
2025/02/13 18:57:18.243744406,True
2025/02/13 18:57:18.295828596,True
2025/02/13 18:57:18.343793947,True
2025/02/13 18:57:18.398260504,True
2025/02/13 18:57:18.445568077,True
2025/02/13 18:57:18.497757791,True
2025/02/13 18:57:18.545542776,True
2025/02/13 18:57:18.599254858,True
2025/02/13 18:57:18.646970833,True
2025/02/13 18:57:18.701499523,True
2025/02/13 18:57:18.751420821,True
2025/02/13 18:57:18.803058375,True
2025/02/13 18:57:18.854339157,True
2025/02/13 18:57:18.905472693,True
2025/02/13 18:57:18.952655500,True
2025/02/13 18:57:19.5122004,True
2025/02/13 18:57:19.53811143,True
2025/02/13 18:57:19.107046014,True
2025/02/13 18:57:19.155395007,True
2025/02/13 18:57:19.192597657,True
2025/02/13 18:57:19.244262837,True
2025/02/13 18:57:19.293678828,True
2025/02/13 18:57:19.344555203,True
2025/02/13 18:57:19.393379158,True
2025/02/13 18:57:19.446024125,True
2025/02/13 18:57:19.493032420,True
2025/02/13 18:57:19.546258580,True
2025/02/13 18:57:19.593293632,True
2025/02/13 18:57:19.643786176,True
2025/02/13 18:57:19.693125499,True
2025/02/13 18:57:19.745096715,True
2025/02/13 18:57:19.793121578,True
2025/02/13 18:57:19.844350718,True
2025/02/13 18:57:19.892452127,True
2025/02/13 18:57:19.947449321,True
2025/02/13 18:57:19.997905161,True
2025/02/13 18:57:20.47254904,True
2025/02/13 18:57:20.94272647,True
2025/02/13 18:57:20.149490290,True
2025/02/13 18:57:20.194370021,True
2025/02/13 18:57:20.244198601,True
2025/02/13 18:57:20.293894138,True
2025/02/13 18:57:20.344502320,True
2025/02/13 18:57:20.393739424,True
2025/02/13 18:57:20.458783246,True
2025/02/13 18:57:20.498748105,True
2025/02/13 18:57:20.545103895,True
2025/02/13 18:57:20.593686176,True
2025/02/13 18:57:20.677552525,True
2025/02/13 18:57:20.710655994,True
2025/02/13 18:57:20.748885836,True
2025/02/13 18:57:20.796792953,True
2025/02/13 18:57:20.851954025,True
2025/02/13 18:57:20.902178884,True
2025/02/13 18:57:20.973683356,True
2025/02/13 18:57:21.3175119,True
2025/02/13 18:57:21.55287587,True
2025/02/13 18:57:21.103436003,True
2025/02/13 18:57:21.155221776,True
2025/02/13 18:57:21.202838241,True
2025/02/13 18:57:21.257853063,True
2025/02/13 18:57:21.305266088,True
2025/02/13 18:57:21.356732436,True
2025/02/13 18:57:21.410763503,True
2025/02/13 18:57:21.458218542,True
2025/02/13 18:57:21.510646121,True
2025/02/13 18:57:21.542946175,True
2025/02/13 18:57:21.597237474,True
2025/02/13 18:57:21.646783305,True
2025/02/13 18:57:21.700046001,True
2025/02/13 18:57:21.743392773,True
2025/02/13 18:57:21.794592831,True
2025/02/13 18:57:21.843207200,True
2025/02/13 18:57:21.894194330,True
2025/02/13 18:57:21.943378497,True
2025/02/13 18:57:21.994746865,True
2025/02/13 18:57:22.43246031,True
2025/02/13 18:57:22.94981373,True
2025/02/13 18:57:22.143093682,True
2025/02/13 18:57:22.193992795,True
2025/02/13 18:57:22.247295903,True
2025/02/13 18:57:22.295299231,True
2025/02/13 18:57:22.345151388,True
2025/02/13 18:57:22.394725848,True
2025/02/13 18:57:22.444242770,True
2025/02/13 18:57:22.494243392,True
2025/02/13 18:57:22.543068120,True
2025/02/13 18:57:22.594956279,True
2025/02/13 18:57:22.643822379,True
2025/02/13 18:57:22.698389010,True
2025/02/13 18:57:22.742359104,True
2025/02/13 18:57:22.794304993,True
2025/02/13 18:57:22.843708346,True
2025/02/13 18:57:22.900398517,True
2025/02/13 18:57:22.943869705,True
2025/02/13 18:57:22.996178480,True
2025/02/13 18:57:23.46511139,True
2025/02/13 18:57:23.92905227,True
2025/02/13 18:57:23.145991685,True
2025/02/13 18:57:23.192942592,True
2025/02/13 18:57:23.244516442,True
2025/02/13 18:57:23.293534285,True
2025/02/13 18:57:23.344738101,True
2025/02/13 18:57:23.393686809,True
2025/02/13 18:57:23.444534650,True
2025/02/13 18:57:23.493251839,True
2025/02/13 18:57:23.543983029,True
2025/02/13 18:57:23.592995931,True
2025/02/13 18:57:23.654216317,True
2025/02/13 18:57:23.693830182,True
2025/02/13 18:57:23.746931662,True
2025/02/13 18:57:23.793990869,True
2025/02/13 18:57:23.849104520,True
2025/02/13 18:57:23.899431296,True
2025/02/13 18:57:23.949706494,True
2025/02/13 18:57:23.999823525,True
2025/02/13 18:57:24.51345365,True
2025/02/13 18:57:24.99176138,True
2025/02/13 18:57:24.151393432,True
2025/02/13 18:57:24.201755211,True
2025/02/13 18:57:24.256927192,True
2025/02/13 18:57:24.303006886,True
2025/02/13 18:57:24.353941664,True
2025/02/13 18:57:24.403115313,True
2025/02/13 18:57:24.455864037,True
2025/02/13 18:57:24.503311673,True
2025/02/13 18:57:24.552631736,True
2025/02/13 18:57:24.602875204,True
2025/02/13 18:57:24.655510046,True
2025/02/13 18:57:24.707967658,True
2025/02/13 18:57:24.761904739,True
2025/02/13 18:57:24.810198334,True
2025/02/13 18:57:24.859430648,True
2025/02/13 18:57:24.907464926,True
2025/02/13 18:57:24.956924294,True
2025/02/13 18:57:25.6265736,True
2025/02/13 18:57:25.56299107,True
2025/02/13 18:57:25.106176608,True
2025/02/13 18:57:25.156801629,True
2025/02/13 18:57:25.209693463,True
2025/02/13 18:57:25.243211984,True
2025/02/13 18:57:25.296245925,True
2025/02/13 18:57:25.344199898,True
2025/02/13 18:57:25.395273502,True
2025/02/13 18:57:25.443151025,True
2025/02/13 18:57:25.496015301,True
2025/02/13 18:57:25.545661838,True
2025/02/13 18:57:25.594539865,True
2025/02/13 18:57:25.643671050,True
2025/02/13 18:57:25.694372034,True
2025/02/13 18:57:25.743407402,True
2025/02/13 18:57:25.794234119,True
2025/02/13 18:57:25.861830343,True
2025/02/13 18:57:25.894229986,True
2025/02/13 18:57:25.943071982,True
2025/02/13 18:57:25.998655944,True
2025/02/13 18:57:26.43059437,True
2025/02/13 18:57:26.95033295,True
2025/02/13 18:57:26.143414891,True
2025/02/13 18:57:26.193080285,True
2025/02/13 18:57:26.244087119,True
2025/02/13 18:57:26.294249149,True
2025/02/13 18:57:26.343126557,True
2025/02/13 18:57:26.396362691,True
2025/02/13 18:57:26.443857200,True
2025/02/13 18:57:26.494180367,True
2025/02/13 18:57:26.542790325,True
2025/02/13 18:57:26.593205891,True
2025/02/13 18:57:26.651240813,True
2025/02/13 18:57:26.697603995,True
2025/02/13 18:57:26.746969489,True
2025/02/13 18:57:26.801422438,True
2025/02/13 18:57:26.848039813,True
2025/02/13 18:57:26.900376232,True
2025/02/13 18:57:26.952019018,True
2025/02/13 18:57:27.2543404,True
2025/02/13 18:57:27.55201500,True
2025/02/13 18:57:27.102026851,True
2025/02/13 18:57:27.151188068,True
2025/02/13 18:57:27.202800124,True
2025/02/13 18:57:27.254030812,True
2025/02/13 18:57:27.324588531,True
2025/02/13 18:57:27.364281619,True
2025/02/13 18:57:27.412231865,True
2025/02/13 18:57:27.454880246,True
2025/02/13 18:57:27.509538635,True
2025/02/13 18:57:27.580605674,True
2025/02/13 18:57:27.607765395,True
2025/02/13 18:57:27.659281991,True
2025/02/13 18:57:27.692976182,True
2025/02/13 18:57:27.744299062,True
2025/02/13 18:57:28.87321934,True
2025/02/13 18:57:28.87577449,True
2025/02/13 18:57:28.87815621,True
2025/02/13 18:57:28.88051823,True
2025/02/13 18:57:28.88287898,True
2025/02/13 18:57:28.88526455,True
2025/02/13 18:57:28.93442444,True
2025/02/13 18:57:28.144351647,True
2025/02/13 18:57:28.192382543,True
2025/02/13 18:57:28.244459260,True
2025/02/13 18:57:28.297633230,True
2025/02/13 18:57:28.346277756,True
2025/02/13 18:57:28.394255304,True
2025/02/13 18:57:28.444484438,True
2025/02/13 18:57:28.494331452,True
2025/02/13 18:57:28.545948643,True
2025/02/13 18:57:28.594555013,True
2025/02/13 18:57:28.646658699,True
2025/02/13 18:57:28.716978817,True
2025/02/13 18:57:28.745499672,True
2025/02/13 18:57:28.792986233,True
2025/02/13 18:57:28.847956030,True
2025/02/13 18:57:28.897415580,True
2025/02/13 18:57:28.943976389,True
2025/02/13 18:57:28.994993621,True
2025/02/13 18:57:29.47892270,True
2025/02/13 18:57:29.95808787,True
2025/02/13 18:57:29.152071197,True
2025/02/13 18:57:29.193046856,True
2025/02/13 18:57:29.247146507,True
2025/02/13 18:57:29.294800874,True
2025/02/13 18:57:29.346552475,True
2025/02/13 18:57:29.397943396,True
2025/02/13 18:57:29.447330385,True
2025/02/13 18:57:29.499691466,True
2025/02/13 18:57:29.543166249,True
2025/02/13 18:57:29.593407284,True
2025/02/13 18:57:29.643011340,True
2025/02/13 18:57:29.696125468,True
2025/02/13 18:57:29.746429046,True
2025/02/13 18:57:29.794861043,True
2025/02/13 18:57:29.843987340,True
2025/02/13 18:57:29.895001948,True
2025/02/13 18:57:29.944109920,True
2025/02/13 18:57:29.994994041,True
2025/02/13 18:57:30.44583623,True
2025/02/13 18:57:30.96193720,True
2025/02/13 18:57:30.145469968,True
2025/02/13 18:57:30.196820689,True
2025/02/13 18:57:30.252323229,True
2025/02/13 18:57:30.296778748,True
2025/02/13 18:57:30.345492638,True
2025/02/13 18:57:30.398385112,True
2025/02/13 18:57:30.446962486,True
2025/02/13 18:57:30.497885888,True
2025/02/13 18:57:30.550990032,True
2025/02/13 18:57:30.601776029,True
2025/02/13 18:57:30.652190325,True
2025/02/13 18:57:30.702739780,True
2025/02/13 18:57:30.756284490,True
2025/02/13 18:57:30.805919065,True
2025/02/13 18:57:30.864512755,True
2025/02/13 18:57:30.904607650,True
2025/02/13 18:57:30.953514106,True
2025/02/13 18:57:31.4681343,True
2025/02/13 18:57:31.54777847,True
2025/02/13 18:57:31.95793771,True
2025/02/13 18:57:31.146308048,True
2025/02/13 18:57:31.196318840,True
2025/02/13 18:57:31.245446131,True
2025/02/13 18:57:31.296385172,True
2025/02/13 18:57:31.345286655,True
2025/02/13 18:57:31.398590678,True
2025/02/13 18:57:31.446434807,True
2025/02/13 18:57:31.495048437,True
2025/02/13 18:57:31.549672104,True
2025/02/13 18:57:31.597313707,True
2025/02/13 18:57:31.656656761,True
2025/02/13 18:57:31.693190339,True
2025/02/13 18:57:31.752359860,True
2025/02/13 18:57:31.793241920,True
2025/02/13 18:57:31.844304158,True
2025/02/13 18:57:31.893549270,True
2025/02/13 18:57:31.945232618,True
2025/02/13 18:57:31.993841753,True
2025/02/13 18:57:32.44413404,True
2025/02/13 18:57:32.93305349,True
2025/02/13 18:57:32.144213369,True
2025/02/13 18:57:32.193421943,True
2025/02/13 18:57:32.244300058,True
2025/02/13 18:57:32.293429650,True
2025/02/13 18:57:32.347265219,True
2025/02/13 18:57:32.442196828,True
2025/02/13 18:57:32.452468475,True
2025/02/13 18:57:32.493383351,True
2025/02/13 18:57:32.543501401,True
2025/02/13 18:57:32.593682325,True
2025/02/13 18:57:32.645833021,True
2025/02/13 18:57:32.694749581,True
2025/02/13 18:57:32.746603217,True
2025/02/13 18:57:32.797520970,True
2025/02/13 18:57:32.851453984,True
2025/02/13 18:57:32.897801637,True
2025/02/13 18:57:32.949386407,True
2025/02/13 18:57:33.110860,True
2025/02/13 18:57:33.54087234,True
2025/02/13 18:57:33.103195833,True
2025/02/13 18:57:33.157312815,True
2025/02/13 18:57:33.203214225,True
2025/02/13 18:57:33.261179824,True
2025/02/13 18:57:33.305186540,True
2025/02/13 18:57:33.355224496,True
2025/02/13 18:57:33.406289215,True
2025/02/13 18:57:33.457135589,True
2025/02/13 18:57:33.505435514,True
2025/02/13 18:57:33.543266167,True
2025/02/13 18:57:33.598601499,True
2025/02/13 18:57:33.650717001,True
2025/02/13 18:57:33.695391789,True
2025/02/13 18:57:33.747559945,True
2025/02/13 18:57:33.805612159,True
2025/02/13 18:57:33.843567821,True
2025/02/13 18:57:33.905062925,True
2025/02/13 18:57:33.943744950,True
2025/02/13 18:57:33.994362820,True
2025/02/13 18:57:34.43066548,True
2025/02/13 18:57:34.95133142,True
2025/02/13 18:57:34.143111060,True
2025/02/13 18:57:34.195134848,True
2025/02/13 18:57:34.243520575,True
2025/02/13 18:57:34.293888939,True
2025/02/13 18:57:34.343196526,True
2025/02/13 18:57:34.463437246,True
2025/02/13 18:57:34.463533347,True
2025/02/13 18:57:34.498212375,True
2025/02/13 18:57:34.543452516,True
2025/02/13 18:57:34.594485921,True
2025/02/13 18:57:34.643839356,True
2025/02/13 18:57:34.694284364,True
2025/02/13 18:57:34.743520509,True
2025/02/13 18:57:34.795774928,True
2025/02/13 18:57:34.843551392,True
2025/02/13 18:57:34.895255017,True
2025/02/13 18:57:34.944875261,True
2025/02/13 18:57:34.998736334,True
2025/02/13 18:57:35.44923049,True
2025/02/13 18:57:35.95143129,True
2025/02/13 18:57:35.145552511,True
2025/02/13 18:57:35.198715841,True
2025/02/13 18:57:35.244969065,True
2025/02/13 18:57:35.296313159,True
2025/02/13 18:57:35.347068919,True
2025/02/13 18:57:35.393996906,True
2025/02/13 18:57:35.444537355,True
2025/02/13 18:57:35.496029757,True
2025/02/13 18:57:35.550005113,True
2025/02/13 18:57:35.625646307,True
2025/02/13 18:57:35.647488150,True
2025/02/13 18:57:35.701724612,True
2025/02/13 18:57:35.751378894,True
2025/02/13 18:57:35.802771784,True
2025/02/13 18:57:35.850647749,True
2025/02/13 18:57:35.908821002,True
2025/02/13 18:57:35.954162664,True
2025/02/13 18:57:36.10883510,True
2025/02/13 18:57:36.56281145,True
2025/02/13 18:57:36.106722709,True
2025/02/13 18:57:36.158305899,True
2025/02/13 18:57:36.205928434,True
2025/02/13 18:57:36.255776302,True
2025/02/13 18:57:36.308226562,True
2025/02/13 18:57:36.356986906,True
2025/02/13 18:57:36.410255828,True
2025/02/13 18:57:36.458777548,True
2025/02/13 18:57:36.512957978,True
2025/02/13 18:57:36.562302536,True
2025/02/13 18:57:36.594690332,True
2025/02/13 18:57:36.644416416,True
2025/02/13 18:57:36.693875757,True
2025/02/13 18:57:36.743921608,True
2025/02/13 18:57:36.793111703,True
2025/02/13 18:57:36.844362677,True
2025/02/13 18:57:36.894065898,True
2025/02/13 18:57:36.943504925,True
2025/02/13 18:57:36.993462187,True
2025/02/13 18:57:37.47238871,True
2025/02/13 18:57:37.96547982,True
2025/02/13 18:57:37.144701764,True
2025/02/13 18:57:37.193176530,True
2025/02/13 18:57:37.245012847,True
2025/02/13 18:57:37.294135079,True
2025/02/13 18:57:37.343807559,True
2025/02/13 18:57:37.400246266,True
2025/02/13 18:57:37.458744715,True
2025/02/13 18:57:37.493171461,True
2025/02/13 18:57:37.549744040,True
2025/02/13 18:57:37.593982468,True
2025/02/13 18:57:37.647654544,True
2025/02/13 18:57:37.695338304,True
2025/02/13 18:57:37.748980607,True
2025/02/13 18:57:37.792148254,True
2025/02/13 18:57:37.845437446,True
2025/02/13 18:57:37.894686053,True
2025/02/13 18:57:37.945394944,True
2025/02/13 18:57:37.996706904,True
2025/02/13 18:57:38.51302806,True
2025/02/13 18:57:38.93669083,True
2025/02/13 18:57:38.143836095,True
2025/02/13 18:57:38.194224930,True
2025/02/13 18:57:38.245726624,True
2025/02/13 18:57:38.294699818,True
2025/02/13 18:57:38.343949493,True
2025/02/13 18:57:38.394398629,True
2025/02/13 18:57:38.443366700,True
2025/02/13 18:57:38.496656074,True
2025/02/13 18:57:38.544097421,True
2025/02/13 18:57:38.596401123,True
2025/02/13 18:57:38.646912900,True
2025/02/13 18:57:38.700769651,True
2025/02/13 18:57:38.749737239,True
2025/02/13 18:57:38.802092971,True
2025/02/13 18:57:38.854452541,True
2025/02/13 18:57:38.901412590,True
2025/02/13 18:57:38.949280158,True
2025/02/13 18:57:39.225540,True
2025/02/13 18:57:39.53472735,True
2025/02/13 18:57:39.101263023,True
2025/02/13 18:57:39.150214882,True
2025/02/13 18:57:39.202263892,True
2025/02/13 18:57:39.253806517,True
2025/02/13 18:57:39.303237133,True
2025/02/13 18:57:39.354490283,True
2025/02/13 18:57:39.403369832,True
2025/02/13 18:57:39.458187631,True
2025/02/13 18:57:39.507473921,True
2025/02/13 18:57:39.554113235,True
2025/02/13 18:57:39.606890362,True
2025/02/13 18:57:39.656365961,True
2025/02/13 18:57:39.699693162,True
2025/02/13 18:57:39.745086435,True
2025/02/13 18:57:39.796081196,True
2025/02/13 18:57:39.843608938,True
2025/02/13 18:57:39.894285125,True
2025/02/13 18:57:39.956244516,True
2025/02/13 18:57:39.996695357,True
2025/02/13 18:57:40.48821507,True
2025/02/13 18:57:40.96955187,True
2025/02/13 18:57:40.151355969,True
2025/02/13 18:57:40.194381990,True
2025/02/13 18:57:40.245026675,True
2025/02/13 18:57:40.295128291,True
2025/02/13 18:57:40.344809749,True
2025/02/13 18:57:40.395894843,True
2025/02/13 18:57:40.445257502,True
2025/02/13 18:57:40.493213718,True
2025/02/13 18:57:40.544260275,True
2025/02/13 18:57:40.595444044,True
2025/02/13 18:57:40.644492176,True
2025/02/13 18:57:40.694217800,True
2025/02/13 18:57:40.748593453,True
2025/02/13 18:57:40.793342011,True
2025/02/13 18:57:40.921460829,True
2025/02/13 18:57:40.921506473,True
2025/02/13 18:57:40.944113836,True
2025/02/13 18:57:40.994393464,True
2025/02/13 18:57:41.44889353,True
2025/02/13 18:57:41.93062415,True
2025/02/13 18:57:41.145157625,True
2025/02/13 18:57:41.195155957,True
2025/02/13 18:57:41.247483548,True
2025/02/13 18:57:41.299095599,True
2025/02/13 18:57:41.351151218,True
2025/02/13 18:57:41.400209596,True
2025/02/13 18:57:41.449670764,True
2025/02/13 18:57:41.499236236,True
2025/02/13 18:57:41.553893044,True
2025/02/13 18:57:41.601748483,True
2025/02/13 18:57:41.653515832,True
2025/02/13 18:57:41.702881896,True
2025/02/13 18:57:41.757488813,True
2025/02/13 18:57:41.804596133,True
2025/02/13 18:57:41.854767299,True
2025/02/13 18:57:41.907360352,True
2025/02/13 18:57:41.956168305,True
2025/02/13 18:57:42.5835376,True
2025/02/13 18:57:42.58021751,True
2025/02/13 18:57:42.95417231,True
2025/02/13 18:57:42.145286593,True
2025/02/13 18:57:42.195104329,True
2025/02/13 18:57:42.247279998,True
2025/02/13 18:57:42.295809198,True
2025/02/13 18:57:42.344161050,True
2025/02/13 18:57:42.394546991,True
2025/02/13 18:57:42.443436467,True
2025/02/13 18:57:42.494269393,True
2025/02/13 18:57:42.544005383,True
2025/02/13 18:57:42.595114859,True
2025/02/13 18:57:42.643622814,True
2025/02/13 18:57:42.694256221,True
2025/02/13 18:57:42.743211854,True
2025/02/13 18:57:42.794515915,True
2025/02/13 18:57:42.845326888,True
2025/02/13 18:57:42.894469138,True
2025/02/13 18:57:42.943299475,True
2025/02/13 18:57:42.996608329,True
2025/02/13 18:57:43.43854175,True
2025/02/13 18:57:43.98942755,True
2025/02/13 18:57:43.143704074,True
